INSERT INTO MsCustomer VALUES
('CU001', 'Arianne Shira', '0812358367', '33 Down Venue', 'Female', 'arianne.shira@gmail.com', '1994-12-09'),
('CU002', 'Vincent Christ', '087865479684', '29 Clover Hill', 'Male', 'vincent.christ23@yahoo.com', '1999-01-12'),
('CU003', 'Leela Maye', '089614765771', '101 Corgi Spots', 'Female', 'leelamay3@gmail.com', '1989-02-23'),
('CU004', 'Phoebe Gnocke', '0879347533', '55 Gatsy Livre', 'Female', 'gnocke93@gmail.com', '2000-01-01'),
('CU005', 'Louie Hobbs', '087897814652', '01 Sesame Highway', 'Male', 'ho88@yahoo.com', '2003-05-22'),
('CU006', 'Felix Miraz', '081218113613', '221B Baker Street', 'Male', 'whatson.sher@gmail.com', '1989-05-20'),
('CU007', 'Candice Reena', '089520924228', '92 Intentive Creek', 'Female', 'reena_is_me@yahoo.com', '2004-01-12'),
('CU008', 'Molly Vivienne', '081377636905', '112 Yellow Lake', 'Female', 'vvane@yahoo.com', '1981-01-31'),
('CU009', 'Tobias Johnson', '087861626984', '21 Beruna Scott', 'Male', 'johns.on@gmail.com', '1995-12-03'),
('CU010', 'Grue Heckensome', '0836284555', '7 Nicka Brikk', 'Male', 'grue.some@gmail.com', '1979-08-19'),
('CU011', 'Ylang Henry', '081332188530', '67 Winter Slide', 'Male', 'ylangylang@yahoo.com', '2003-09-27'),
('CU012', 'Lee Know', '082284714962', '8 Stray Fields', 'Male', 'shin.min@gmail.com', '2000-03-28'),
('CU013', 'Susan Heatherwick', '083879336895', '77 Gold Star', 'Female', 'narn.ia@yahoo.com', '1999-01-16'),
('CU014', 'Peeta Mooney', '082346654084', '91 Klee Kais', 'Male', 'peetapan@gmail.com', '2002-11-19'),
('CU015', 'Ulrica May', '081334256326', '12 Crowne Hills', 'Female', 'mayjunejulrica@yahoo.com', '2001-06-08')

INSERT INTO MsStaff VALUES
('SF001', 'John Valentienne', '082348638922', '87 JK Halls', 26, 'Male', 1500000),
('SF002', 'Alexandra Hemms', '083183137040', '50A Jackals', 22, 'Female', 1350000),
('SF003', 'Kristy Hupps', '083841212088', '21 Trumpets', 29, 'Female', 1400000),
('SF004', 'Levin Kliman', '085211808600', '01 K. D. Low', 28, 'Male', 2000000),
('SF005', 'El Louvre', '085227777728', '111 Millie Vue', 32, 'Male', 1900000),
('SF006', 'Anna Jardin', '085242488489', '94 Excalibur', 24, 'Female', 1890000),
('SF007', 'Tina Bell', '0827339188', '185 Illor St.', 23, 'Female', 1000000),
('SF008', 'Erick Thomas', '085315709194', '86 Reed Creek', 31, 'Male', 1700000),
('SF009', 'Praborr Subin', '085340702626', '91 Jock Witts', 30, 'Male', 2250000),
('SF010', 'Meghan Walters', '085712825874', '7 Augment Leed', 21, 'Female', 1290000),
('SF011', 'Bautiste Budd', '085399953277', '3 Cherry Pines', 29, 'Male', 1770000),
('SF012', 'Auburne Henry', '085847849617', '52 Aurora Road', 27, 'Female', 1900000),
('SF013', 'Lilian Clara', '0811472182', '33 North Hill', 32, 'Female', 2000000),
('SF014', 'Theresia July', '0833928467', '19 Palm Forest', 33, 'Female', 1630000),
('SF015', 'Kale Jackson', '087711091843', '23A Red Thymes', 25, 'Male', 2100000)

INSERT INTO MsSupplier VALUES 
('SU001', 'Floriste Apparels', '081222691989', '81 Orchid Forest'),
('SU002', 'Louccoumades', '081245760990', '52 Chimney Hall'),
('SU003', 'Bonne Journee', '081260217971', '76 Yule Tide Lane'),
('SU004', 'Forever 20', '081282388488', '20 Pine Forest'),
('SU005', 'Kartika Minds', '081285539295', '2 Good 2B True'),
('SU006', 'Timberman', '081296520528', '94 Brooches Tee'),
('SU007', 'Ancestors Pocket', '081377771761', '56 Quartz Lake'),
('SU008', 'Icy Witches', '081927614742', '66 Blue Dorms'),
('SU009', 'Back To Work the Second', '082150649621', '79 Six Twaine'),
('SU010', 'Pull And Push', '082190634430', '70 Raffle Flore'),
('SU011', 'The Mad Hatter', '082225932929', '11 Under Three'),
('SU012', 'Sun and the Universe', '082271415677', '82 Mayden Bricks'),
('SU013', 'The Recternational', '082298090724', '12 Dancing Goats'),
('SU014', 'Jolly Old Nicks', '08231844191', '20 June Lane'),
('SU015', 'Clowned Everyday', '082331432694', '94 Jack Avenue')

INSERT INTO MsPayment VALUES 
('PA001', 'DANA'),
('PA002', 'OVO'),
('PA003', 'Go-Pay'),
('PA004', 'Shopee-Pay'),
('PA005', 'Cash'),
('PA006', 'Debit Card'),
('PA007', 'Credit Card'),
('PA008', 'Cryptocurrency'),
('PA009', 'Flazz')

INSERT INTO MsMaterial VALUES
('MA001', 'Linen Fabric', 90000),
('MA002', 'Georgette Fabric', 120000),
('MA003', 'Leather Fabric', 150050),
('MA004', 'Chiffon Fabric', 600000),
('MA005', 'Denim Fabric', 800000),
('MA006', 'Canvas', 45000),
('MA007', 'Cotton', 500000),
('MA008', 'Cellulosic Viscose', 1350000),
('MA009', 'Bast Fibres', 2100000),
('MA010', 'Bamboo Lyocell', 250000),
('MA011', 'Polyester', 1100000),
('MA012', 'Tencel', 189000),
('MA013', 'Wool', 300500),
('MA014', 'Wooden Fibre', 1050000),
('MA015', 'Artificial Fabric', 235000)

INSERT INTO MsCloth VALUES 
('CL001', 'Bohemian Red Blouse', 175, 35000),
('CL002', 'Vintage Collars', 210, 68000),
('CL003', 'Retro Homies', 34, 45050),
('CL004', 'Minimalistic Top', 110, 23500),
('CL005', 'NYC Nicks', 80, 50000),
('CL006', 'Jacquemue Linen Scarf', 133, 120000),
('CL007', 'Bikers Top', 218, 23500),
('CL008', 'Crop Top Rob', 150, 500500),
('CL009', 'Alle Vouz Dress', 241, 80000),
('CL010', 'Boyfriend Sweater', 70, 76000),
('CL011', 'Glittery Jeans', 60, 71500),
('CL012', 'Beach Skirt', 190, 20500),
('CL013', 'Motorbike Jacket', 221, 99900),
('CL014', 'Oklahoma Vest', 50, 65900),
('CL015', 'Linen Highwaist', 99, 80700)

INSERT INTO purchaseTransactionHeader VALUES 
('PU001', 'SF009', 'SU002', '2021-11-05', 'PA003'),
('PU002', 'SF002', 'SU008', '2021-10-11', 'PA001'),
('PU003', 'SF005', 'SU013', '2021-09-21', 'PA001'),
('PU004', 'SF011', 'SU012', '2021-11-01', 'PA006'),
('PU005', 'SF013', 'SU001', '2021-11-09', 'PA004'),
('PU006', 'SF008', 'SU007', '2021-10-30', 'PA005'),
('PU007', 'SF002', 'SU003', '2021-11-25', 'PA006'),
('PU008', 'SF006', 'SU011', '2021-12-12', 'PA006'),
('PU009', 'SF009', 'SU010', '2021-05-07', 'PA008'),
('PU010', 'SF010', 'SU005', '2021-01-19', 'PA002'),
('PU011', 'SF012', 'SU003', '2021-09-29', 'PA004'),
('PU012', 'SF003', 'SU002', '2021-09-30', 'PA006'),
('PU013', 'SF010', 'SU006', '2021-12-01', 'PA001'),
('PU014', 'SF014', 'SU005', '2021-08-23', 'PA003'),
('PU015', 'SF004', 'SU011', '2021-12-04', 'PA004'),
('PU016', 'SF012', 'SU001', '2021-10-17', 'PA007'),
('PU017', 'SF003', 'SU007', '2021-09-01', 'PA003'),
('PU018', 'SF005', 'SU009', '2021-09-23', 'PA002'),
('PU019', 'SF008', 'SU004', '2021-07-11', 'PA003'),
('PU020', 'SF001', 'SU012', '2021-08-21', 'PA005'),
('PU021', 'SF015', 'SU013', '2021-10-03', 'PA006'),
('PU022', 'SF009', 'SU009', '2021-09-30', 'PA006'),
('PU023', 'SF003', 'SU004', '2021-10-10', 'PA008'),
('PU024', 'SF007', 'SU010', '2021-07-12', 'PA002'),
('PU025', 'SF004', 'SU015', '2021-11-13', 'PA004')

INSERT INTO purchaseTransactionDetail VALUES 
('PU001', 'MA001', 200),
('PU002', 'MA011', 150),
('PU003', 'MA002', 80),
('PU004', 'MA010', 75),
('PU005', 'MA003', 135),
('PU006', 'MA008', 210),
('PU007', 'MA005', 99),
('PU008', 'MA013', 300),
('PU009', 'MA001', 750),
('PU010', 'MA003', 100),
('PU011', 'MA015', 270),
('PU012', 'MA004', 135),
('PU013', 'MA011', 1),
('PU014', 'MA005', 200),
('PU015', 'MA008', 650),
('PU016', 'MA001', 300),
('PU017', 'MA004', 120),
('PU018', 'MA008', 135),
('PU019', 'MA006', 144),
('PU020', 'MA010', 64),
('PU021', 'MA015', 96),
('PU022', 'MA003', 210),
('PU023', 'MA009', 196),
('PU024', 'MA012', 72),
('PU025', 'MA014', 108)

INSERT INTO salesTransactionHeader VALUES 
('SA001', 'SF009', 'CU002', '2021-11-05', 'PA003'),
('SA002', 'SF012', 'CU008', '2021-10-10', 'PA001'),
('SA003', 'SF005', 'CU015', '2021-09-21', 'PA001'),
('SA004', 'SF001', 'CU012', '2021-11-01', 'PA006'),
('SA005', 'SF008', 'CU001', '2021-11-09', 'PA004'),
('SA006', 'SF013', 'CU007', '2021-10-30', 'PA005'),
('SA007', 'SF002', 'CU003', '2021-11-15', 'PA006'),
('SA008', 'SF006', 'CU011', '2021-12-12', 'PA006'),
('SA009', 'SF009', 'CU010', '2021-05-07', 'PA008'),
('SA010', 'SF010', 'CU008', '2021-01-19', 'PA002'),
('SA011', 'SF012', 'CU003', '2021-09-29', 'PA004'),
('SA012', 'SF003', 'CU012', '2021-09-15', 'PA006'),
('SA013', 'SF007', 'CU006', '2021-12-01', 'PA001'),
('SA014', 'SF015', 'CU005', '2021-08-23', 'PA003'),
('SA015', 'SF001', 'CU008', '2021-08-12', 'PA004'),
('SA016', 'SF008', 'CU014', '2021-11-15', 'PA007'),
('SA017', 'SF010', 'CU002', '2021-09-30', 'PA003'),
('SA018', 'SF005', 'CU009', '2021-10-05', 'PA001'),
('SA019', 'SF007', 'CU014', '2021-08-14', 'PA001'),
('SA020', 'SF012', 'CU010', '2021-11-25', 'PA008'),
('SA021', 'SF003', 'CU003', '2021-09-17', 'PA006'),
('SA022', 'SF006', 'CU015', '2021-08-22', 'PA006'),
('SA023', 'SF011', 'CU007', '2021-10-15', 'PA005'),
('SA024', 'SF012', 'CU009', '2021-12-09', 'PA003'),
('SA025', 'SF011', 'CU001', '2021-11-21', 'PA002')


INSERT INTO salesTransactionDetail VALUES 
('SA001', 'CL008', 250), 
('SA002', 'CL005', 1500), 
('SA003', 'CL011', 300), 
('SA004', 'CL001', 299), 
('SA005', 'CL007', 950), 
('SA006', 'CL010', 1000), 
('SA007', 'CL003', 110), 
('SA008', 'CL010', 700), 
('SA009', 'CL004', 450), 
('SA010', 'CL009', 132), 
('SA011', 'CL012', 221), 
('SA012', 'CL002', 96), 
('SA013', 'CL008', 412),
('SA014', 'CL006', 199),
('SA015', 'CL001', 255),
('SA016', 'CL008', 192),
('SA017', 'CL015', 108),
('SA018', 'CL009', 153),
('SA019', 'CL007', 39),
('SA020', 'CL012', 98),
('SA021', 'CL004', 210),
('SA022', 'CL011', 175),
('SA023', 'CL005', 1100),
('SA024', 'CL008', 245),
('SA025', 'CL002', 319)
